<?xml version="1.0" encoding="UTF-8"?>
<project-private xmlns="http://www.netbeans.org/ns/project-private/1">
    <editor-bookmarks xmlns="http://www.netbeans.org/ns/editor-bookmarks/2" lastBookmarkId="0"/>
    <open-files xmlns="http://www.netbeans.org/ns/projectui-open-files/2">
        <group>
            <file>file:/C:/Users/benja/OneDrive/Documents/SYST17796/Assignments/BlackJack/src/com/sheridan/orourkeb/Blackjack.java</file>
            <file>file:/C:/Users/benja/OneDrive/Documents/SYST17796/Assignments/BlackJack/test/com/sheridan/orourkeb/BlackjackTest.java</file>
        </group>
    </open-files>
</project-private>
